mean_fit_time,std_fit_time,mean_score_time,std_score_time,param_metric,param_n_neighbors,param_weights,params,split0_test_score,split1_test_score,split2_test_score,split3_test_score,split4_test_score,mean_test_score,std_test_score,rank_test_score,Task,Features
0.5182796001434327,1.030357973137892,0.081578779220581,0.1562607652410578,euclidean,1,uniform,"{'metric': 'euclidean', 'n_neighbors': 1, 'weights': 'uniform'}",0.9939814814814816,0.9958333333333332,0.9958333333333332,0.9930555555555556,0.9958333333333332,0.9949074074074076,0.0011712139482104,1,Binary,Raw
0.0024799346923828,0.0001975009545505,0.1196774005889892,0.2323624744784838,euclidean,1,distance,"{'metric': 'euclidean', 'n_neighbors': 1, 'weights': 'distance'}",0.9939814814814816,0.9958333333333332,0.9958333333333332,0.9930555555555556,0.9958333333333332,0.9949074074074076,0.0011712139482104,1,Binary,Raw
0.0024166107177734,5.478089065178121e-05,0.0030438899993896,4.565276904214352e-05,euclidean,3,uniform,"{'metric': 'euclidean', 'n_neighbors': 3, 'weights': 'uniform'}",0.9916666666666668,0.9944444444444444,0.9916666666666668,0.9916666666666668,0.9930555555555556,0.9925,0.0011111111111111,5,Binary,Raw
0.0024830818176269,0.0001511720746475,0.029479169845581,0.0516569206231777,euclidean,3,distance,"{'metric': 'euclidean', 'n_neighbors': 3, 'weights': 'distance'}",0.9916666666666668,0.9944444444444444,0.9916666666666668,0.9916666666666668,0.9930555555555556,0.9925,0.0011111111111111,5,Binary,Raw
0.0024052143096923,7.178931882444911e-05,0.0030639171600341,9.604085148694826e-05,euclidean,5,uniform,"{'metric': 'euclidean', 'n_neighbors': 5, 'weights': 'uniform'}",0.9902777777777778,0.9930555555555556,0.9902777777777778,0.9888888888888888,0.9916666666666668,0.9908333333333336,0.0014163943093313,11,Binary,Raw
0.0023158073425292,1.1521711967879451e-05,0.0033610343933105,2.084351161912026e-05,euclidean,5,distance,"{'metric': 'euclidean', 'n_neighbors': 5, 'weights': 'distance'}",0.9902777777777778,0.9930555555555556,0.9902777777777778,0.9888888888888888,0.9916666666666668,0.9908333333333336,0.0014163943093313,11,Binary,Raw
0.0022972583770751,2.5602470075917983e-05,0.0029560089111328,6.73438588914439e-06,euclidean,7,uniform,"{'metric': 'euclidean', 'n_neighbors': 7, 'weights': 'uniform'}",0.9902777777777778,0.9888888888888888,0.9888888888888888,0.9875,0.9888888888888888,0.9888888888888888,0.0008784104611578,13,Binary,Raw
0.0023618698120117,9.180057774498694e-05,0.0033714771270751,4.159157273742013e-05,euclidean,7,distance,"{'metric': 'euclidean', 'n_neighbors': 7, 'weights': 'distance'}",0.9902777777777778,0.9888888888888888,0.9888888888888888,0.9875,0.9888888888888888,0.9888888888888888,0.0008784104611578,13,Binary,Raw
0.0024651527404785,0.0001685423819438,0.0030515670776367,0.0001042069107513,euclidean,9,uniform,"{'metric': 'euclidean', 'n_neighbors': 9, 'weights': 'uniform'}",0.9847222222222224,0.9875,0.9847222222222224,0.9875,0.9861111111111112,0.986111111111111,0.0012422599874998,20,Binary,Raw
0.0023003101348876,2.136549755486285e-05,0.0033431053161621,2.25055015366764e-05,euclidean,9,distance,"{'metric': 'euclidean', 'n_neighbors': 9, 'weights': 'distance'}",0.9847222222222224,0.9875,0.9861111111111112,0.9875,0.9861111111111112,0.9863888888888892,0.0010393492741038,19,Binary,Raw
0.0023923397064208,0.0001860094876592,0.0030014514923095,6.700639536273629e-05,euclidean,11,uniform,"{'metric': 'euclidean', 'n_neighbors': 11, 'weights': 'uniform'}",0.9819444444444444,0.9875,0.9819444444444444,0.9847222222222224,0.9833333333333334,0.983888888888889,0.0020786985482077,26,Binary,Raw
0.0023313522338867,2.165943234701692e-05,0.0033572196960449,2.984307364013656e-05,euclidean,11,distance,"{'metric': 'euclidean', 'n_neighbors': 11, 'weights': 'distance'}",0.9833333333333334,0.9875,0.9847222222222224,0.9861111111111112,0.9847222222222224,0.9852777777777778,0.0014163943093313,23,Binary,Raw
0.0022977352142333,1.7861100443908298e-05,0.0029831886291503,3.783575901961779e-06,euclidean,15,uniform,"{'metric': 'euclidean', 'n_neighbors': 15, 'weights': 'uniform'}",0.975,0.9819444444444444,0.975,0.9805555555555556,0.9763888888888888,0.977777777777778,0.0029133579115837,35,Binary,Raw
0.0023462772369384,1.4742676024256436e-05,0.0033822536468505,1.1960345905046184e-05,euclidean,15,distance,"{'metric': 'euclidean', 'n_neighbors': 15, 'weights': 'distance'}",0.975,0.9819444444444444,0.977777777777778,0.9819444444444444,0.9805555555555556,0.9794444444444445,0.0026931554763424,33,Binary,Raw
0.0024171352386474,7.530425816558297e-05,0.0031508922576904,8.786847432310531e-05,euclidean,21,uniform,"{'metric': 'euclidean', 'n_neighbors': 21, 'weights': 'uniform'}",0.9680555555555556,0.9763888888888888,0.9722222222222222,0.9791666666666669,0.9694444444444444,0.9730555555555556,0.0041759156606591,43,Binary,Raw
0.002343463897705,2.2619578674886463e-05,0.0034107208251953,2.8733385772562587e-05,euclidean,21,distance,"{'metric': 'euclidean', 'n_neighbors': 21, 'weights': 'distance'}",0.9708333333333332,0.9805555555555556,0.9722222222222222,0.9791666666666669,0.9736111111111112,0.9752777777777778,0.0038689967436622,40,Binary,Raw
0.0025267601013183,0.000161928942327,0.007706880569458,0.0088287508715743,manhattan,1,uniform,"{'metric': 'manhattan', 'n_neighbors': 1, 'weights': 'uniform'}",0.9930555555555556,0.9958333333333332,0.9930555555555556,0.9930555555555556,0.9958333333333332,0.9941666666666666,0.0013608276348795,3,Binary,Raw
0.0023164749145507,2.1144381240036965e-05,0.0035598278045654,2.428922550581953e-05,manhattan,1,distance,"{'metric': 'manhattan', 'n_neighbors': 1, 'weights': 'distance'}",0.9930555555555556,0.9958333333333332,0.9930555555555556,0.9930555555555556,0.9958333333333332,0.9941666666666666,0.0013608276348795,3,Binary,Raw
0.0023206233978271,1.9709935741023828e-05,0.0032302856445312,2.085005575596701e-05,manhattan,3,uniform,"{'metric': 'manhattan', 'n_neighbors': 3, 'weights': 'uniform'}",0.9902777777777778,0.9930555555555556,0.9916666666666668,0.9888888888888888,0.9916666666666668,0.9911111111111112,0.0014163943093313,7,Binary,Raw
0.0023168087005615,2.7426055096464064e-05,0.0036438465118408,2.6259660849622875e-05,manhattan,3,distance,"{'metric': 'manhattan', 'n_neighbors': 3, 'weights': 'distance'}",0.9902777777777778,0.9930555555555556,0.9916666666666668,0.9888888888888888,0.9916666666666668,0.9911111111111112,0.0014163943093313,7,Binary,Raw
0.0023239135742187,1.700738508643681e-05,0.0032443046569824,1.3328942007688523e-05,manhattan,5,uniform,"{'metric': 'manhattan', 'n_neighbors': 5, 'weights': 'uniform'}",0.9875,0.9930555555555556,0.9902777777777778,0.9861111111111112,0.9875,0.9888888888888888,0.0024845199749997,13,Binary,Raw
0.0023207187652587,2.087730091281316e-05,0.0036219120025634,1.970589772993045e-05,manhattan,5,distance,"{'metric': 'manhattan', 'n_neighbors': 5, 'weights': 'distance'}",0.9875,0.9930555555555556,0.9902777777777778,0.9861111111111112,0.9875,0.9888888888888888,0.0024845199749997,13,Binary,Raw
0.002341604232788,2.590617267870285e-05,0.0032338142395019,1.1054603367091898e-05,manhattan,7,uniform,"{'metric': 'manhattan', 'n_neighbors': 7, 'weights': 'uniform'}",0.9833333333333334,0.9930555555555556,0.9888888888888888,0.9861111111111112,0.9875,0.987777777777778,0.003215510250775,18,Binary,Raw
0.002344274520874,8.355808971540882e-05,0.0036207199096679,2.3851202087357125e-05,manhattan,7,distance,"{'metric': 'manhattan', 'n_neighbors': 7, 'weights': 'distance'}",0.9847222222222224,0.9930555555555556,0.9888888888888888,0.9861111111111112,0.9875,0.9880555555555556,0.0028598972613852,17,Binary,Raw
0.0022999763488769,1.0159429424465764e-05,0.003256607055664,1.4396534309114943e-05,manhattan,9,uniform,"{'metric': 'manhattan', 'n_neighbors': 9, 'weights': 'uniform'}",0.9819444444444444,0.9875,0.9833333333333334,0.9833333333333334,0.9847222222222224,0.9841666666666666,0.0018839805508681,25,Binary,Raw
0.0023645877838134,3.203103698991829e-05,0.0037281990051269,4.728710216706448e-05,manhattan,9,distance,"{'metric': 'manhattan', 'n_neighbors': 9, 'weights': 'distance'}",0.9833333333333334,0.9875,0.9833333333333334,0.9833333333333334,0.9847222222222224,0.9844444444444445,0.0016197088596792,24,Binary,Raw
0.0024864673614501,8.271344952614444e-05,0.0033845901489257,4.20331346399967e-05,manhattan,11,uniform,"{'metric': 'manhattan', 'n_neighbors': 11, 'weights': 'uniform'}",0.9791666666666669,0.9847222222222224,0.9791666666666669,0.9833333333333334,0.9847222222222224,0.9822222222222224,0.0025458753860865,30,Binary,Raw
0.0024374961853027,9.323923623412156e-05,0.0038372039794921,9.490360477528104e-05,manhattan,11,distance,"{'metric': 'manhattan', 'n_neighbors': 11, 'weights': 'distance'}",0.9819444444444444,0.9847222222222224,0.9805555555555556,0.9833333333333334,0.9847222222222224,0.9830555555555556,0.0016197088596792,29,Binary,Raw
0.0028240203857421,0.0004594960908716,0.0038186073303222,0.0005358363146475,manhattan,15,uniform,"{'metric': 'manhattan', 'n_neighbors': 15, 'weights': 'uniform'}",0.9694444444444444,0.9805555555555556,0.9708333333333332,0.977777777777778,0.9805555555555556,0.9758333333333332,0.0047790695928014,38,Binary,Raw
0.0027104377746582,0.0005061312898007,0.0038657665252685,0.0002032564685663,manhattan,15,distance,"{'metric': 'manhattan', 'n_neighbors': 15, 'weights': 'distance'}",0.975,0.9819444444444444,0.975,0.9791666666666669,0.9819444444444444,0.9786111111111112,0.0031180478223116,34,Binary,Raw
0.002699327468872,0.0003693142238734,0.0037889003753662,0.0005546330621603,manhattan,21,uniform,"{'metric': 'manhattan', 'n_neighbors': 21, 'weights': 'uniform'}",0.9625,0.977777777777778,0.9666666666666668,0.9722222222222222,0.9666666666666668,0.9691666666666666,0.0052996622300941,46,Binary,Raw
0.0026321411132812,0.0003634647253076,0.0037991046905517,0.0002831716885491,manhattan,21,distance,"{'metric': 'manhattan', 'n_neighbors': 21, 'weights': 'distance'}",0.9666666666666668,0.9791666666666669,0.9694444444444444,0.975,0.975,0.9730555555555556,0.0044444444444444,42,Binary,Raw
0.0029065608978271,0.0003614955928625,0.0052165985107421,0.0030020940969066,chebyshev,1,uniform,"{'metric': 'chebyshev', 'n_neighbors': 1, 'weights': 'uniform'}",0.9861111111111112,0.9930555555555556,0.9916666666666668,0.9902777777777778,0.9944444444444444,0.9911111111111112,0.0028598972613852,7,Binary,Raw
0.0028036594390869,0.0004683930313262,0.0040472984313964,0.0006527479505082,chebyshev,1,distance,"{'metric': 'chebyshev', 'n_neighbors': 1, 'weights': 'distance'}",0.9861111111111112,0.9930555555555556,0.9916666666666668,0.9902777777777778,0.9944444444444444,0.9911111111111112,0.0028598972613852,7,Binary,Raw
0.0023327827453613,8.48060750793562e-05,0.0031806945800781,3.2842970576710825e-06,chebyshev,3,uniform,"{'metric': 'chebyshev', 'n_neighbors': 3, 'weights': 'uniform'}",0.9805555555555556,0.9875,0.9875,0.9861111111111112,0.9888888888888888,0.986111111111111,0.0029133579115837,20,Binary,Raw
0.0023816585540771,0.0001187858308355,0.0040298461914062,0.0004739192999568,chebyshev,3,distance,"{'metric': 'chebyshev', 'n_neighbors': 3, 'weights': 'distance'}",0.9805555555555556,0.9875,0.9875,0.9861111111111112,0.9888888888888888,0.986111111111111,0.0029133579115837,20,Binary,Raw
0.0025637626647949,0.0004602056526296,0.0035998344421386,0.0006069596184836,chebyshev,5,uniform,"{'metric': 'chebyshev', 'n_neighbors': 5, 'weights': 'uniform'}",0.9791666666666669,0.9888888888888888,0.9847222222222224,0.9819444444444444,0.9819444444444444,0.9833333333333334,0.0032867109906108,27,Binary,Raw
0.0029253482818603,0.0004882170171137,0.004444408416748,0.0006790698624886,chebyshev,5,distance,"{'metric': 'chebyshev', 'n_neighbors': 5, 'weights': 'distance'}",0.9791666666666669,0.9888888888888888,0.9847222222222224,0.9819444444444444,0.9819444444444444,0.9833333333333334,0.0032867109906108,27,Binary,Raw
0.0023448467254638,1.0135453939772616e-05,0.0032475471496582,2.70612544322512e-05,chebyshev,7,uniform,"{'metric': 'chebyshev', 'n_neighbors': 7, 'weights': 'uniform'}",0.977777777777778,0.9861111111111112,0.9819444444444444,0.9805555555555556,0.977777777777778,0.9808333333333332,0.0030932024237944,31,Binary,Raw
0.0023910522460937,3.837677165806765e-05,0.003697395324707,7.178466283735406e-05,chebyshev,7,distance,"{'metric': 'chebyshev', 'n_neighbors': 7, 'weights': 'distance'}",0.977777777777778,0.9861111111111112,0.9819444444444444,0.9805555555555556,0.977777777777778,0.9808333333333332,0.0030932024237944,31,Binary,Raw
0.0023657798767089,2.414670600487979e-05,0.0033163547515869,2.8444605492856016e-05,chebyshev,9,uniform,"{'metric': 'chebyshev', 'n_neighbors': 9, 'weights': 'uniform'}",0.9708333333333332,0.9833333333333334,0.9763888888888888,0.977777777777778,0.975,0.9766666666666666,0.0040635385662021,37,Binary,Raw
0.0023913383483886,3.09980830443287e-05,0.0039175033569335,0.0004547614602243,chebyshev,9,distance,"{'metric': 'chebyshev', 'n_neighbors': 9, 'weights': 'distance'}",0.9722222222222222,0.9833333333333334,0.977777777777778,0.977777777777778,0.975,0.9772222222222222,0.0036851386559504,36,Binary,Raw
0.0024630069732666,5.492505888450408e-05,0.0033974170684814,7.978062799785451e-05,chebyshev,11,uniform,"{'metric': 'chebyshev', 'n_neighbors': 11, 'weights': 'uniform'}",0.9722222222222222,0.9791666666666669,0.9736111111111112,0.9763888888888888,0.9722222222222222,0.9747222222222222,0.0026931554763424,41,Binary,Raw
0.0024240016937255,3.4417932995630264e-05,0.0037479400634765,1.9052016572467485e-05,chebyshev,11,distance,"{'metric': 'chebyshev', 'n_neighbors': 11, 'weights': 'distance'}",0.9722222222222222,0.9791666666666669,0.9763888888888888,0.9763888888888888,0.9736111111111112,0.9755555555555556,0.0024216105241892,39,Binary,Raw
0.002432632446289,1.908087587263019e-05,0.0034113883972167,2.530276072617443e-05,chebyshev,15,uniform,"{'metric': 'chebyshev', 'n_neighbors': 15, 'weights': 'uniform'}",0.9652777777777778,0.9722222222222222,0.9722222222222222,0.9722222222222222,0.9666666666666668,0.9697222222222224,0.0030932024237944,45,Binary,Raw
0.0024208545684814,3.438700181884931e-05,0.0037747383117675,2.0483250434156645e-05,chebyshev,15,distance,"{'metric': 'chebyshev', 'n_neighbors': 15, 'weights': 'distance'}",0.9652777777777778,0.9736111111111112,0.9722222222222222,0.9736111111111112,0.9680555555555556,0.9705555555555556,0.0033333333333333,44,Binary,Raw
0.0024116516113281,3.471309011491156e-05,0.0033775329589843,3.24272407379243e-05,chebyshev,21,uniform,"{'metric': 'chebyshev', 'n_neighbors': 21, 'weights': 'uniform'}",0.95,0.9625,0.9611111111111112,0.9652777777777778,0.9583333333333331,0.9594444444444444,0.0052263577006185,48,Binary,Raw
0.0024171829223632,3.542762101619536e-05,0.0038034915924072,9.56556019507174e-05,chebyshev,21,distance,"{'metric': 'chebyshev', 'n_neighbors': 21, 'weights': 'distance'}",0.9583333333333331,0.9638888888888888,0.9652777777777778,0.9680555555555556,0.9611111111111112,0.9633333333333332,0.0033564016593318,47,Binary,Raw
0.0025256633758544,0.00041572818954,0.003096055984497,0.0001617075238682,euclidean,1,uniform,"{'metric': 'euclidean', 'n_neighbors': 1, 'weights': 'uniform'}",0.9981481481481482,0.9930555555555556,0.9902777777777778,0.9930555555555556,0.9972222222222222,0.994351851851852,0.0029192375500804,1,Binary,Reduced
0.0023212432861328,9.677362841321222e-05,0.0033632278442382,2.6725265793305164e-05,euclidean,1,distance,"{'metric': 'euclidean', 'n_neighbors': 1, 'weights': 'distance'}",0.9981481481481482,0.9930555555555556,0.9902777777777778,0.9930555555555556,0.9972222222222222,0.994351851851852,0.0029192375500804,1,Binary,Reduced
0.00227952003479,2.857126125280947e-05,0.0029868125915527,1.1392916060584466e-05,euclidean,3,uniform,"{'metric': 'euclidean', 'n_neighbors': 3, 'weights': 'uniform'}",0.9930555555555556,0.9916666666666668,0.9888888888888888,0.9888888888888888,0.9958333333333332,0.9916666666666668,0.0026352313834736,5,Binary,Reduced
0.0022444725036621,1.331648337505727e-05,0.0033633708953857,8.652985110553255e-06,euclidean,3,distance,"{'metric': 'euclidean', 'n_neighbors': 3, 'weights': 'distance'}",0.9930555555555556,0.9916666666666668,0.9888888888888888,0.9888888888888888,0.9958333333333332,0.9916666666666668,0.0026352313834736,5,Binary,Reduced
0.0022600173950195,1.880178045182452e-05,0.0029801845550537,1.0919883257134602e-05,euclidean,5,uniform,"{'metric': 'euclidean', 'n_neighbors': 5, 'weights': 'uniform'}",0.9888888888888888,0.9902777777777778,0.9875,0.9847222222222224,0.9888888888888888,0.9880555555555556,0.0018839805508681,12,Binary,Reduced
0.0022814273834228,8.130220372728424e-05,0.0033496379852294,2.537096332882873e-05,euclidean,5,distance,"{'metric': 'euclidean', 'n_neighbors': 5, 'weights': 'distance'}",0.9888888888888888,0.9902777777777778,0.9875,0.9861111111111112,0.9902777777777778,0.9886111111111112,0.0016197088596792,11,Binary,Reduced
0.0022365570068359,1.1319636083341152e-05,0.0030802249908447,0.0002209914452091,euclidean,7,uniform,"{'metric': 'euclidean', 'n_neighbors': 7, 'weights': 'uniform'}",0.9847222222222224,0.9875,0.9847222222222224,0.9861111111111112,0.9861111111111112,0.9858333333333336,0.0010393492741038,18,Binary,Reduced
0.0022388935089111,1.6435740593203772e-05,0.0033591270446777,2.20896582691583e-05,euclidean,7,distance,"{'metric': 'euclidean', 'n_neighbors': 7, 'weights': 'distance'}",0.9861111111111112,0.9875,0.9847222222222224,0.9861111111111112,0.9861111111111112,0.986111111111111,0.0008784104611578,17,Binary,Reduced
0.0022341728210449,1.5101064666076864e-05,0.0029859066009521,1.2128360383466702e-05,euclidean,9,uniform,"{'metric': 'euclidean', 'n_neighbors': 9, 'weights': 'uniform'}",0.9805555555555556,0.9847222222222224,0.9833333333333334,0.9847222222222224,0.9861111111111112,0.9838888888888888,0.0018839805508681,20,Binary,Reduced
0.0022323608398437,6.1091010048330445e-06,0.0033589363098144,8.100058505091124e-06,euclidean,9,distance,"{'metric': 'euclidean', 'n_neighbors': 9, 'weights': 'distance'}",0.9833333333333334,0.9847222222222224,0.9833333333333334,0.9847222222222224,0.9861111111111112,0.9844444444444445,0.0010393492741038,19,Binary,Reduced
0.0022370338439941,1.0753074393395653e-05,0.0029837131500244,1.246598621122418e-05,euclidean,11,uniform,"{'metric': 'euclidean', 'n_neighbors': 11, 'weights': 'uniform'}",0.9791666666666669,0.9819444444444444,0.977777777777778,0.9833333333333334,0.9833333333333334,0.9811111111111112,0.002256677334621,28,Binary,Reduced
0.0022377490997314,1.6224660212394204e-05,0.0033378601074218,4.6525233908273575e-06,euclidean,11,distance,"{'metric': 'euclidean', 'n_neighbors': 11, 'weights': 'distance'}",0.9791666666666669,0.9847222222222224,0.9819444444444444,0.9847222222222224,0.9833333333333334,0.982777777777778,0.0020786985482077,23,Binary,Reduced
0.0022449493408203,2.171154310335653e-05,0.0029847145080566,1.2295928258949089e-05,euclidean,15,uniform,"{'metric': 'euclidean', 'n_neighbors': 15, 'weights': 'uniform'}",0.9736111111111112,0.9805555555555556,0.9694444444444444,0.9791666666666669,0.977777777777778,0.9761111111111112,0.0040635385662022,34,Binary,Reduced
0.0022352218627929,1.397987013496462e-05,0.0034340858459472,0.0001740427931473,euclidean,15,distance,"{'metric': 'euclidean', 'n_neighbors': 15, 'weights': 'distance'}",0.9763888888888888,0.9805555555555556,0.975,0.9805555555555556,0.9805555555555556,0.9786111111111112,0.0024216105241893,32,Binary,Reduced
0.0022834777832031,7.76109568814698e-05,0.0030209064483642,2.9415326395472853e-05,euclidean,21,uniform,"{'metric': 'euclidean', 'n_neighbors': 21, 'weights': 'uniform'}",0.9625,0.9763888888888888,0.9694444444444444,0.975,0.9680555555555556,0.9702777777777778,0.0050154083570188,42,Binary,Reduced
0.0022427082061767,4.8805395438857975e-06,0.003357982635498,6.897841352426913e-06,euclidean,21,distance,"{'metric': 'euclidean', 'n_neighbors': 21, 'weights': 'distance'}",0.9680555555555556,0.977777777777778,0.9708333333333332,0.977777777777778,0.9722222222222222,0.9733333333333332,0.0038689967436622,39,Binary,Reduced
0.0022339344024658,8.8637858622969e-06,0.0031951427459716,1.246872183991063e-05,manhattan,1,uniform,"{'metric': 'manhattan', 'n_neighbors': 1, 'weights': 'uniform'}",0.9958333333333332,0.9930555555555556,0.9902777777777778,0.9902777777777778,0.9972222222222222,0.9933333333333334,0.0028327886186626,3,Binary,Reduced
0.0022365093231201,1.4132089072827035e-05,0.0035600662231445,1.5518101032727136e-05,manhattan,1,distance,"{'metric': 'manhattan', 'n_neighbors': 1, 'weights': 'distance'}",0.9958333333333332,0.9930555555555556,0.9902777777777778,0.9902777777777778,0.9972222222222222,0.9933333333333334,0.0028327886186626,3,Binary,Reduced
0.0022276401519775,9.84019072092888e-06,0.0032254695892333,1.7125425805135688e-05,manhattan,3,uniform,"{'metric': 'manhattan', 'n_neighbors': 3, 'weights': 'uniform'}",0.9902777777777778,0.9916666666666668,0.9888888888888888,0.9847222222222224,0.9916666666666668,0.9894444444444446,0.0025760051376376,7,Binary,Reduced
0.0022441387176513,3.413967575010061e-06,0.0035846233367919,1.2377575793088471e-05,manhattan,3,distance,"{'metric': 'manhattan', 'n_neighbors': 3, 'weights': 'distance'}",0.9902777777777778,0.9916666666666668,0.9888888888888888,0.9847222222222224,0.9916666666666668,0.9894444444444446,0.0025760051376376,7,Binary,Reduced
0.0023380756378173,0.0002253179748584,0.0032500267028808,2.1609510861615823e-05,manhattan,5,uniform,"{'metric': 'manhattan', 'n_neighbors': 5, 'weights': 'uniform'}",0.9875,0.9875,0.9861111111111112,0.9847222222222224,0.9875,0.9866666666666668,0.0011111111111111,13,Binary,Reduced
0.0023097038269042,6.21016283075646e-05,0.0036638736724853,4.3063332453120525e-05,manhattan,5,distance,"{'metric': 'manhattan', 'n_neighbors': 5, 'weights': 'distance'}",0.9875,0.9875,0.9861111111111112,0.9847222222222224,0.9875,0.9866666666666668,0.0011111111111111,13,Binary,Reduced
0.0022632598876953,3.948960256329355e-05,0.0032715797424316,1.2557214815391248e-05,manhattan,7,uniform,"{'metric': 'manhattan', 'n_neighbors': 7, 'weights': 'uniform'}",0.9847222222222224,0.9847222222222224,0.9791666666666669,0.9819444444444444,0.9819444444444444,0.9825,0.0020786985482077,25,Binary,Reduced
0.0022346496582031,5.793914863237014e-06,0.0036033630371093,1.075540009104723e-05,manhattan,7,distance,"{'metric': 'manhattan', 'n_neighbors': 7, 'weights': 'distance'}",0.9847222222222224,0.9847222222222224,0.9805555555555556,0.9833333333333334,0.9819444444444444,0.9830555555555556,0.0016197088596792,21,Binary,Reduced
0.0022369384765625,1.4364279150647112e-05,0.0032984733581542,3.077111131557112e-05,manhattan,9,uniform,"{'metric': 'manhattan', 'n_neighbors': 9, 'weights': 'uniform'}",0.9805555555555556,0.9833333333333334,0.9791666666666669,0.9805555555555556,0.9833333333333334,0.981388888888889,0.0016666666666666,27,Binary,Reduced
0.0022799015045166,7.339445568102322e-05,0.0036386013031005,2.5095228855215617e-05,manhattan,9,distance,"{'metric': 'manhattan', 'n_neighbors': 9, 'weights': 'distance'}",0.9805555555555556,0.9833333333333334,0.9805555555555556,0.9805555555555556,0.9833333333333334,0.9816666666666668,0.0013608276348795,26,Binary,Reduced
0.0023222923278808,0.0001476847588093,0.0034573554992675,0.0002063775459048,manhattan,11,uniform,"{'metric': 'manhattan', 'n_neighbors': 11, 'weights': 'uniform'}",0.9791666666666669,0.9819444444444444,0.9763888888888888,0.9819444444444444,0.9791666666666669,0.9797222222222224,0.0020786985482077,30,Binary,Reduced
0.00242919921875,9.085786395478776e-05,0.0040434837341308,0.0004446084894846,manhattan,11,distance,"{'metric': 'manhattan', 'n_neighbors': 11, 'weights': 'distance'}",0.9805555555555556,0.9833333333333334,0.977777777777778,0.9819444444444444,0.9791666666666669,0.9805555555555556,0.0019641855032959,29,Binary,Reduced
0.0026207447052001,0.0002751879831213,0.0033950328826904,2.5300873570340392e-05,manhattan,15,uniform,"{'metric': 'manhattan', 'n_neighbors': 15, 'weights': 'uniform'}",0.9736111111111112,0.9791666666666669,0.9736111111111112,0.9763888888888888,0.9708333333333332,0.9747222222222222,0.0028327886186626,36,Binary,Reduced
0.0025610446929931,0.0002242857392655,0.0040335655212402,0.0003129935279025,manhattan,15,distance,"{'metric': 'manhattan', 'n_neighbors': 15, 'weights': 'distance'}",0.9736111111111112,0.9791666666666669,0.975,0.9763888888888888,0.975,0.9758333333333332,0.0018839805508681,35,Binary,Reduced
0.0025722026824951,0.0003558765956177,0.0040583133697509,0.0002993077025326,manhattan,21,uniform,"{'metric': 'manhattan', 'n_neighbors': 21, 'weights': 'uniform'}",0.9652777777777778,0.9722222222222222,0.9652777777777778,0.9722222222222222,0.959722222222222,0.9669444444444444,0.0047628967220784,45,Binary,Reduced
0.0026398181915283,0.0003899510724302,0.0044468879699707,0.0004320060863903,manhattan,21,distance,"{'metric': 'manhattan', 'n_neighbors': 21, 'weights': 'distance'}",0.9694444444444444,0.9736111111111112,0.9680555555555556,0.9722222222222222,0.9625,0.9691666666666666,0.0038689967436622,43,Binary,Reduced
0.0028179168701171,0.0003816343012093,0.0037888050079345,0.0005118675455599,chebyshev,1,uniform,"{'metric': 'chebyshev', 'n_neighbors': 1, 'weights': 'uniform'}",0.9856481481481482,0.9902777777777778,0.9875,0.9875,0.9958333333333332,0.989351851851852,0.0035621081595687,9,Binary,Reduced
0.0030220985412597,0.0003660494912929,0.0047294616699218,0.0005343308218305,chebyshev,1,distance,"{'metric': 'chebyshev', 'n_neighbors': 1, 'weights': 'distance'}",0.9856481481481482,0.9902777777777778,0.9875,0.9875,0.9958333333333332,0.989351851851852,0.0035621081595687,9,Binary,Reduced
0.0025631427764892,0.0003245348444129,0.0037753105163574,0.0005212654919292,chebyshev,3,uniform,"{'metric': 'chebyshev', 'n_neighbors': 3, 'weights': 'uniform'}",0.9847222222222224,0.9888888888888888,0.9847222222222224,0.9833333333333334,0.9902777777777778,0.9863888888888888,0.0026931554763423,15,Binary,Reduced
0.0024925231933593,0.0003704177300493,0.0041724205017089,0.0004708816214194,chebyshev,3,distance,"{'metric': 'chebyshev', 'n_neighbors': 3, 'weights': 'distance'}",0.9847222222222224,0.9888888888888888,0.9847222222222224,0.9833333333333334,0.9902777777777778,0.9863888888888888,0.0026931554763423,15,Binary,Reduced
0.002802562713623,0.000395743454987,0.0039052486419677,0.0005632360143675,chebyshev,5,uniform,"{'metric': 'chebyshev', 'n_neighbors': 5, 'weights': 'uniform'}",0.9791666666666669,0.9861111111111112,0.9819444444444444,0.9805555555555556,0.9847222222222224,0.9825000000000002,0.0025760051376376,24,Binary,Reduced
0.0022413253784179,2.105569489060457e-05,0.0035852909088134,3.100043018371491e-05,chebyshev,5,distance,"{'metric': 'chebyshev', 'n_neighbors': 5, 'weights': 'distance'}",0.9791666666666669,0.9875,0.9819444444444444,0.9805555555555556,0.9861111111111112,0.9830555555555556,0.003215510250775,21,Binary,Reduced
0.0023577690124511,0.0001063883863942,0.0032446861267089,3.845637729642364e-05,chebyshev,7,uniform,"{'metric': 'chebyshev', 'n_neighbors': 7, 'weights': 'uniform'}",0.9736111111111112,0.9847222222222224,0.9763888888888888,0.9763888888888888,0.977777777777778,0.977777777777778,0.0037267799624996,33,Binary,Reduced
0.0022234439849853,7.835814400347316e-06,0.0035888195037841,3.2083239723444984e-05,chebyshev,7,distance,"{'metric': 'chebyshev', 'n_neighbors': 7, 'weights': 'distance'}",0.9736111111111112,0.9847222222222224,0.977777777777778,0.9763888888888888,0.9833333333333334,0.9791666666666669,0.0042127085800286,31,Binary,Reduced
0.0022253513336181,1.3803097391560413e-05,0.0032162189483642,1.61544378501146e-05,chebyshev,9,uniform,"{'metric': 'chebyshev', 'n_neighbors': 9, 'weights': 'uniform'}",0.9694444444444444,0.977777777777778,0.9722222222222222,0.9722222222222222,0.9763888888888888,0.9736111111111112,0.0030429030972509,38,Binary,Reduced
0.0022339820861816,1.241517678420114e-05,0.0036019325256347,8.462482662765129e-06,chebyshev,9,distance,"{'metric': 'chebyshev', 'n_neighbors': 9, 'weights': 'distance'}",0.9694444444444444,0.9791666666666669,0.9736111111111112,0.9736111111111112,0.977777777777778,0.9747222222222222,0.0034471315683308,36,Binary,Reduced
0.002250337600708,2.192963670430868e-05,0.0032217502593994,6.478671197616116e-06,chebyshev,11,uniform,"{'metric': 'chebyshev', 'n_neighbors': 11, 'weights': 'uniform'}",0.9652777777777778,0.9763888888888888,0.9680555555555556,0.9708333333333332,0.9736111111111112,0.9708333333333334,0.0039283710065919,41,Binary,Reduced
0.0027718067169189,0.0004412780085438,0.0042865753173828,0.0002237843775748,chebyshev,11,distance,"{'metric': 'chebyshev', 'n_neighbors': 11, 'weights': 'distance'}",0.9666666666666668,0.9791666666666669,0.9708333333333332,0.9722222222222222,0.975,0.9727777777777776,0.0041759156606591,40,Binary,Reduced
0.0028181076049804,0.0003691970012094,0.0040459156036376,0.0005500496624505,chebyshev,15,uniform,"{'metric': 'chebyshev', 'n_neighbors': 15, 'weights': 'uniform'}",0.9569444444444444,0.9722222222222222,0.9652777777777778,0.9680555555555556,0.9708333333333332,0.9666666666666666,0.0054148857471161,46,Binary,Reduced
0.0029851913452148,0.0003777307436886,0.0043361663818359,0.0004470654260977,chebyshev,15,distance,"{'metric': 'chebyshev', 'n_neighbors': 15, 'weights': 'distance'}",0.9611111111111112,0.9736111111111112,0.9666666666666668,0.9694444444444444,0.9736111111111112,0.968888888888889,0.0046976484792465,44,Binary,Reduced
0.002815818786621,0.0003706114656531,0.0039805889129638,0.0005577331156367,chebyshev,21,uniform,"{'metric': 'chebyshev', 'n_neighbors': 21, 'weights': 'uniform'}",0.9486111111111112,0.9625,0.9611111111111112,0.9625,0.9638888888888888,0.959722222222222,0.0056245713142546,48,Binary,Reduced
0.0022722244262695,6.480646785828985e-05,0.0037686824798583,0.0002960844299648,chebyshev,21,distance,"{'metric': 'chebyshev', 'n_neighbors': 21, 'weights': 'distance'}",0.9527777777777776,0.9708333333333332,0.9625,0.9666666666666668,0.9666666666666668,0.9638888888888888,0.0061488732281052,47,Binary,Reduced
0.4789939403533935,0.9524667355665428,0.0708332538604736,0.1351771790082331,euclidean,1,uniform,"{'metric': 'euclidean', 'n_neighbors': 1, 'weights': 'uniform'}",0.9923611111111112,0.9847222222222224,0.9923611111111112,0.9909722222222224,0.9854166666666668,0.9891666666666667,0.0033907098932593,1,Multiclass,Raw
0.0024873733520507,0.0001957465843759,0.1193082809448242,0.2319100983145118,euclidean,1,distance,"{'metric': 'euclidean', 'n_neighbors': 1, 'weights': 'distance'}",0.9923611111111112,0.9847222222222224,0.9923611111111112,0.9909722222222224,0.9854166666666668,0.9891666666666667,0.0033907098932593,1,Multiclass,Raw
0.0023117065429687,6.078504936209661e-06,0.0029417514801025,2.272397983083304e-05,euclidean,3,uniform,"{'metric': 'euclidean', 'n_neighbors': 3, 'weights': 'uniform'}",0.9659722222222222,0.9666666666666668,0.9743055555555556,0.9805555555555556,0.9673611111111112,0.9709722222222222,0.0056485276132396,11,Multiclass,Raw
0.0025611877441406,0.0002497253878023,0.0289833545684814,0.0511656237606923,euclidean,3,distance,"{'metric': 'euclidean', 'n_neighbors': 3, 'weights': 'distance'}",0.971527777777778,0.9722222222222224,0.9805555555555556,0.9819444444444444,0.9743055555555556,0.9761111111111112,0.0043167417410888,8,Multiclass,Raw
0.0024234294891357,0.0001384533947659,0.002980089187622,4.864206478617322e-06,euclidean,5,uniform,"{'metric': 'euclidean', 'n_neighbors': 5, 'weights': 'uniform'}",0.9534722222222224,0.94375,0.9506944444444444,0.9659722222222222,0.9493055555555556,0.9526388888888888,0.0073807390308813,19,Multiclass,Raw
0.0023590564727783,1.2370777097410728e-05,0.0034827232360839,0.0002022078893758,euclidean,5,distance,"{'metric': 'euclidean', 'n_neighbors': 5, 'weights': 'distance'}",0.9715277777777778,0.9638888888888888,0.9729166666666668,0.9798611111111112,0.9680555555555556,0.97125,0.0053178304775212,9,Multiclass,Raw
0.0023482322692871,7.861328342501417e-05,0.0029675006866455,5.760749417380239e-05,euclidean,7,uniform,"{'metric': 'euclidean', 'n_neighbors': 7, 'weights': 'uniform'}",0.9361111111111112,0.9256944444444444,0.9381944444444446,0.94375,0.9319444444444444,0.9351388888888889,0.0060635777647064,27,Multiclass,Raw
0.0023014545440673,2.0309009017035347e-05,0.0032934665679931,4.144710710840655e-05,euclidean,7,distance,"{'metric': 'euclidean', 'n_neighbors': 7, 'weights': 'distance'}",0.9659722222222222,0.9527777777777776,0.9666666666666668,0.975,0.9548611111111112,0.9630555555555556,0.0082097315034064,14,Multiclass,Raw
0.0022887229919433,1.2570425986657276e-05,0.00292649269104,3.752154002742866e-05,euclidean,9,uniform,"{'metric': 'euclidean', 'n_neighbors': 9, 'weights': 'uniform'}",0.9291666666666668,0.9076388888888888,0.91875,0.928472222222222,0.9194444444444444,0.9206944444444444,0.007849372861636,32,Multiclass,Raw
0.0022850036621093,2.384138106822958e-05,0.0032676219940185,2.0281336772938158e-05,euclidean,9,distance,"{'metric': 'euclidean', 'n_neighbors': 9, 'weights': 'distance'}",0.9597222222222224,0.9354166666666668,0.9569444444444444,0.9659722222222222,0.9493055555555556,0.9534722222222222,0.0104950752707292,18,Multiclass,Raw
0.0022777557373046,1.3536297503109296e-05,0.0029947280883789,0.0001852043993544,euclidean,11,uniform,"{'metric': 'euclidean', 'n_neighbors': 11, 'weights': 'uniform'}",0.9104166666666668,0.90625,0.9111111111111112,0.920138888888889,0.9013888888888888,0.909861111111111,0.0062019759893795,36,Multiclass,Raw
0.0022861957550048,1.8370921219699064e-05,0.0032787322998046,6.052263965980391e-06,euclidean,11,distance,"{'metric': 'euclidean', 'n_neighbors': 11, 'weights': 'distance'}",0.9479166666666669,0.9368055555555556,0.9486111111111112,0.9590277777777778,0.94375,0.9472222222222222,0.0072435582280029,22,Multiclass,Raw
0.0022767543792724,2.934683820953897e-05,0.0029406070709228,2.066878700770227e-05,euclidean,15,uniform,"{'metric': 'euclidean', 'n_neighbors': 15, 'weights': 'uniform'}",0.8902777777777777,0.8743055555555556,0.8875,0.9048611111111112,0.8840277777777779,0.8881944444444445,0.0099283700003675,43,Multiclass,Raw
0.0022905349731445,2.8174338204949643e-05,0.0033241271972656,4.706592902967299e-05,euclidean,15,distance,"{'metric': 'euclidean', 'n_neighbors': 15, 'weights': 'distance'}",0.9347222222222222,0.9215277777777776,0.9270833333333331,0.9458333333333334,0.9333333333333332,0.9325,0.0081626029193973,28,Multiclass,Raw
0.0023215770721435,2.160898475890869e-05,0.0029699802398681,2.525436911938736e-05,euclidean,21,uniform,"{'metric': 'euclidean', 'n_neighbors': 21, 'weights': 'uniform'}",0.8645833333333334,0.8506944444444444,0.8625,0.8847222222222223,0.8534722222222222,0.8631944444444445,0.0119718677441722,46,Multiclass,Raw
0.0022867202758789,2.020765891130188e-05,0.0033226013183593,1.3822521458653912e-05,euclidean,21,distance,"{'metric': 'euclidean', 'n_neighbors': 21, 'weights': 'distance'}",0.9159722222222222,0.8979166666666667,0.9048611111111112,0.9222222222222222,0.9027777777777778,0.90875,0.0089645219795027,38,Multiclass,Raw
0.0024145603179931,0.0001053226965516,0.0071381568908691,0.0078567590518862,manhattan,1,uniform,"{'metric': 'manhattan', 'n_neighbors': 1, 'weights': 'uniform'}",0.9902777777777778,0.9805555555555556,0.9888888888888888,0.9916666666666668,0.9875,0.987777777777778,0.0038689967436622,3,Multiclass,Raw
0.0025531291961669,0.0002868236983441,0.0037155628204345,0.0001714094220309,manhattan,1,distance,"{'metric': 'manhattan', 'n_neighbors': 1, 'weights': 'distance'}",0.9902777777777778,0.9805555555555556,0.9888888888888888,0.9916666666666668,0.9875,0.987777777777778,0.0038689967436622,3,Multiclass,Raw
0.0024096012115478,0.0001185061316195,0.0034144401550292,0.0003745082926134,manhattan,3,uniform,"{'metric': 'manhattan', 'n_neighbors': 3, 'weights': 'uniform'}",0.9770833333333334,0.9638888888888888,0.9729166666666668,0.9722222222222222,0.9694444444444444,0.971111111111111,0.0043611995744743,10,Multiclass,Raw
0.0023940086364746,0.0001112646556719,0.0036948204040527,7.371976489328336e-05,manhattan,3,distance,"{'metric': 'manhattan', 'n_neighbors': 3, 'weights': 'distance'}",0.9819444444444444,0.9694444444444444,0.9805555555555556,0.975,0.975,0.976388888888889,0.004479032082388,7,Multiclass,Raw
0.002341604232788,5.453078552402409e-05,0.0031999111175537,2.57569760504071e-05,manhattan,5,uniform,"{'metric': 'manhattan', 'n_neighbors': 5, 'weights': 'uniform'}",0.9555555555555556,0.9368055555555556,0.9493055555555556,0.9631944444444444,0.9479166666666669,0.9505555555555556,0.0087444867992762,21,Multiclass,Raw
0.0023040294647216,2.8279860741939625e-05,0.0036096096038818,7.461326860107949e-05,manhattan,5,distance,"{'metric': 'manhattan', 'n_neighbors': 5, 'weights': 'distance'}",0.9722222222222222,0.961111111111111,0.9694444444444444,0.975,0.9652777777777778,0.9686111111111112,0.0049378857873975,12,Multiclass,Raw
0.0030251026153564,0.0013119165836508,0.0032215118408203,6.543849510590094e-05,manhattan,7,uniform,"{'metric': 'manhattan', 'n_neighbors': 7, 'weights': 'uniform'}",0.9333333333333332,0.9194444444444444,0.9326388888888888,0.9395833333333334,0.9305555555555556,0.931111111111111,0.0065646123878313,29,Multiclass,Raw
0.0023522853851318,5.87384029702048e-05,0.0037064552307128,0.0001866241587923,manhattan,7,distance,"{'metric': 'manhattan', 'n_neighbors': 7, 'weights': 'distance'}",0.9708333333333332,0.945138888888889,0.9625,0.9708333333333332,0.9506944444444444,0.96,0.0104729958452826,15,Multiclass,Raw
0.0023920059204101,0.0001069595171653,0.0032746791839599,5.488538615920224e-05,manhattan,9,uniform,"{'metric': 'manhattan', 'n_neighbors': 9, 'weights': 'uniform'}",0.9194444444444444,0.9055555555555554,0.9166666666666669,0.9263888888888888,0.9069444444444444,0.9149999999999998,0.0078272237797807,34,Multiclass,Raw
0.0022946834564208,2.543049055988042e-05,0.0035789489746093,4.935667694141076e-06,manhattan,9,distance,"{'metric': 'manhattan', 'n_neighbors': 9, 'weights': 'distance'}",0.9583333333333334,0.9368055555555556,0.9506944444444444,0.9652777777777778,0.945138888888889,0.95125,0.0099322550993228,20,Multiclass,Raw
0.0022842407226562,2.2356188649651043e-05,0.0032353401184082,2.3147485094108525e-05,manhattan,11,uniform,"{'metric': 'manhattan', 'n_neighbors': 11, 'weights': 'uniform'}",0.9152777777777776,0.8909722222222222,0.9013888888888888,0.91875,0.8979166666666667,0.9048611111111112,0.0105317714500715,39,Multiclass,Raw
0.0023054122924804,4.463297687899963e-05,0.003602123260498,2.537454786145217e-05,manhattan,11,distance,"{'metric': 'manhattan', 'n_neighbors': 11, 'weights': 'distance'}",0.9444444444444444,0.9291666666666668,0.9409722222222224,0.9576388888888888,0.9444444444444444,0.9433333333333334,0.0090927151685182,24,Multiclass,Raw
0.0023111820220947,1.345441481326389e-05,0.0032280445098876,2.7803163971477826e-05,manhattan,15,uniform,"{'metric': 'manhattan', 'n_neighbors': 15, 'weights': 'uniform'}",0.8916666666666667,0.8722222222222222,0.8770833333333333,0.898611111111111,0.8763888888888889,0.8831944444444444,0.0101341313038637,44,Multiclass,Raw
0.0022905826568603,2.1664680548543664e-05,0.0036149501800537,2.616632772174342e-05,manhattan,15,distance,"{'metric': 'manhattan', 'n_neighbors': 15, 'weights': 'distance'}",0.9361111111111112,0.91875,0.925,0.9430555555555556,0.9291666666666668,0.9304166666666668,0.0084756368346624,30,Multiclass,Raw
0.0023940563201904,0.0002466303748776,0.0032235622406005,6.888054281452979e-05,manhattan,21,uniform,"{'metric': 'manhattan', 'n_neighbors': 21, 'weights': 'uniform'}",0.8694444444444445,0.8472222222222221,0.8583333333333334,0.8743055555555557,0.8555555555555556,0.8609722222222225,0.0097460026626938,47,Multiclass,Raw
0.0022670745849609,1.1234955370875128e-05,0.003550100326538,1.7621955722899766e-05,manhattan,21,distance,"{'metric': 'manhattan', 'n_neighbors': 21, 'weights': 'distance'}",0.9194444444444444,0.8993055555555556,0.9027777777777778,0.9222222222222224,0.9034722222222222,0.9094444444444444,0.0094464867072955,37,Multiclass,Raw
0.0024183273315429,0.0001442371635102,0.004690408706665,0.0026903872529312,chebyshev,1,uniform,"{'metric': 'chebyshev', 'n_neighbors': 1, 'weights': 'uniform'}",0.98125,0.9756944444444444,0.9805555555555556,0.9833333333333332,0.9743055555555556,0.9790277777777778,0.0034415310259343,5,Multiclass,Raw
0.0024703502655029,0.0001021965157827,0.0036694049835205,0.0001365415188596,chebyshev,1,distance,"{'metric': 'chebyshev', 'n_neighbors': 1, 'weights': 'distance'}",0.98125,0.9756944444444444,0.9805555555555556,0.9833333333333332,0.9743055555555556,0.9790277777777778,0.0034415310259343,5,Multiclass,Raw
0.0023272991180419,1.872798806043276e-05,0.0032041072845458,2.6933069575645166e-05,chebyshev,3,uniform,"{'metric': 'chebyshev', 'n_neighbors': 3, 'weights': 'uniform'}",0.95625,0.95625,0.9597222222222224,0.9715277777777778,0.951388888888889,0.9590277777777778,0.0067899480897668,16,Multiclass,Raw
0.0024454593658447,0.000202032645836,0.0037255764007568,0.0002599489215422,chebyshev,3,distance,"{'metric': 'chebyshev', 'n_neighbors': 3, 'weights': 'distance'}",0.9659722222222222,0.9611111111111112,0.9659722222222222,0.9736111111111112,0.95625,0.9645833333333332,0.0057768428730792,13,Multiclass,Raw
0.0023462295532226,1.51536718249122e-05,0.003366470336914,0.000289450170793,chebyshev,5,uniform,"{'metric': 'chebyshev', 'n_neighbors': 5, 'weights': 'uniform'}",0.9277777777777778,0.9347222222222222,0.9340277777777778,0.9534722222222222,0.9305555555555556,0.9361111111111112,0.0090331180786161,26,Multiclass,Raw
0.0023150920867919,1.5651158279884963e-05,0.0035634517669677,2.868618419629245e-05,chebyshev,5,distance,"{'metric': 'chebyshev', 'n_neighbors': 5, 'weights': 'distance'}",0.9479166666666669,0.9541666666666668,0.9555555555555556,0.9701388888888888,0.9493055555555556,0.9554166666666668,0.0078983706711738,17,Multiclass,Raw
0.0023059844970703,1.4568916432811916e-05,0.0031682968139648,7.176993272597501e-06,chebyshev,7,uniform,"{'metric': 'chebyshev', 'n_neighbors': 7, 'weights': 'uniform'}",0.9111111111111112,0.909722222222222,0.9201388888888888,0.93125,0.9090277777777778,0.91625,0.0085006354156108,33,Multiclass,Raw
0.0023145675659179,1.0254770835688862e-05,0.0035545349121093,1.222080705101478e-05,chebyshev,7,distance,"{'metric': 'chebyshev', 'n_neighbors': 7, 'weights': 'distance'}",0.9416666666666668,0.9423611111111112,0.951388888888889,0.9569444444444444,0.9375,0.9459722222222222,0.0071145824860365,23,Multiclass,Raw
0.0025002002716064,0.0001601335755285,0.0033811569213867,0.0001436729111344,chebyshev,9,uniform,"{'metric': 'chebyshev', 'n_neighbors': 9, 'weights': 'uniform'}",0.8986111111111111,0.8965277777777778,0.9090277777777778,0.9180555555555556,0.8965277777777777,0.90375,0.0085232977736479,40,Multiclass,Raw
0.002582836151123,1.6922278268608637e-05,0.0038949012756347,3.223383920239598e-05,chebyshev,9,distance,"{'metric': 'chebyshev', 'n_neighbors': 9, 'weights': 'distance'}",0.9354166666666668,0.9277777777777778,0.9381944444444446,0.9506944444444444,0.934027777777778,0.9372222222222222,0.0075512651217045,25,Multiclass,Raw
0.0025624275207519,1.3912372729258145e-05,0.0034869670867919,1.8005638807537122e-05,chebyshev,11,uniform,"{'metric': 'chebyshev', 'n_neighbors': 11, 'weights': 'uniform'}",0.8888888888888888,0.8777777777777778,0.8902777777777778,0.9083333333333332,0.8798611111111112,0.8890277777777778,0.0108155124077398,42,Multiclass,Raw
0.0025458812713623,0.0002009806909213,0.0037946701049804,0.0002966500883016,chebyshev,11,distance,"{'metric': 'chebyshev', 'n_neighbors': 11, 'weights': 'distance'}",0.925,0.9201388888888888,0.9298611111111112,0.9416666666666668,0.91875,0.9270833333333334,0.0082752606165368,31,Multiclass,Raw
0.0023111343383789,2.1160827523300773e-05,0.0032374382019042,1.5227016510021964e-05,chebyshev,15,uniform,"{'metric': 'chebyshev', 'n_neighbors': 15, 'weights': 'uniform'}",0.86875,0.8659722222222221,0.8680555555555556,0.8791666666666667,0.85625,0.8676388888888888,0.0073045521068359,45,Multiclass,Raw
0.0023193359375,1.702849518579824e-05,0.0035783290863037,9.03804550993939e-06,chebyshev,15,distance,"{'metric': 'chebyshev', 'n_neighbors': 15, 'weights': 'distance'}",0.9090277777777778,0.9041666666666668,0.9125,0.9201388888888888,0.9076388888888888,0.9106944444444444,0.005425562495729,35,Multiclass,Raw
0.0023177623748779,2.169928684377373e-05,0.0031951904296875,1.678209393444435e-05,chebyshev,21,uniform,"{'metric': 'chebyshev', 'n_neighbors': 21, 'weights': 'uniform'}",0.8534722222222222,0.8395833333333333,0.8305555555555556,0.8618055555555555,0.8361111111111111,0.8443055555555556,0.0115653670953144,48,Multiclass,Raw
0.0023412227630615,4.295993184101487e-05,0.0036518096923828,0.0001202455683264,chebyshev,21,distance,"{'metric': 'chebyshev', 'n_neighbors': 21, 'weights': 'distance'}",0.89375,0.8888888888888888,0.8868055555555555,0.8993055555555556,0.8861111111111111,0.8909722222222222,0.0049495915781126,41,Multiclass,Raw
0.4784907341003418,0.9522137085264706,0.07855429649353027,0.15126414858279374,euclidean,1,uniform,"{'metric': 'euclidean', 'n_neighbors': 1, 'weights': 'uniform'}",0.9493055555555556,0.9430555555555555,0.94375,0.9506944444444445,0.9354166666666667,0.9444444444444444,0.005414885747116117,1,Multiclass,Reduced
0.0024415016174316405,0.00017814132072699185,0.11801533699035645,0.22881959018332743,euclidean,1,distance,"{'metric': 'euclidean', 'n_neighbors': 1, 'weights': 'distance'}",0.9493055555555556,0.9430555555555555,0.94375,0.9506944444444445,0.9354166666666667,0.9444444444444444,0.005414885747116117,1,Multiclass,Reduced
0.0022948741912841796,0.0001225439583329448,0.0029659271240234375,0.00011288015690265737,euclidean,3,uniform,"{'metric': 'euclidean', 'n_neighbors': 3, 'weights': 'uniform'}",0.9076388888888889,0.9076388888888889,0.9027777777777778,0.9236111111111112,0.9048611111111111,0.9093055555555555,0.007383352144445579,10,Multiclass,Reduced
0.0024480819702148438,0.0003087592952572748,0.028849363327026367,0.05107026964968882,euclidean,3,distance,"{'metric': 'euclidean', 'n_neighbors': 3, 'weights': 'distance'}",0.91875,0.9173611111111111,0.9166666666666667,0.9284722222222221,0.9131944444444444,0.9188888888888889,0.005129495920172024,6,Multiclass,Reduced
0.0021988868713378905,2.5559272326554367e-05,0.0028965950012207033,2.2596950190012015e-05,euclidean,5,uniform,"{'metric': 'euclidean', 'n_neighbors': 5, 'weights': 'uniform'}",0.8847222222222223,0.875,0.8708333333333333,0.8888888888888888,0.8645833333333334,0.8768055555555556,0.00891056385130301,21,Multiclass,Reduced
0.0022006988525390624,2.7305995659085076e-05,0.0032530307769775392,2.513723411602318e-05,euclidean,5,distance,"{'metric': 'euclidean', 'n_neighbors': 5, 'weights': 'distance'}",0.90625,0.8951388888888888,0.9034722222222222,0.9090277777777778,0.8909722222222223,0.9009722222222223,0.006826780959691387,12,Multiclass,Reduced
0.0022064208984375,2.9237390021158824e-05,0.002873516082763672,2.550191814203902e-05,euclidean,7,uniform,"{'metric': 'euclidean', 'n_neighbors': 7, 'weights': 'uniform'}",0.8652777777777777,0.8680555555555556,0.8618055555555555,0.8736111111111111,0.8520833333333333,0.8641666666666665,0.007171294801903119,26,Multiclass,Reduced
0.002189350128173828,1.2378861612774086e-05,0.003242683410644531,2.0181199726501273e-05,euclidean,7,distance,"{'metric': 'euclidean', 'n_neighbors': 7, 'weights': 'distance'}",0.8958333333333334,0.8951388888888889,0.8916666666666666,0.8965277777777777,0.8805555555555555,0.8919444444444444,0.005934961283117088,14,Multiclass,Reduced
0.0022267818450927733,4.507218583075508e-05,0.002926921844482422,3.813671927936592e-05,euclidean,9,uniform,"{'metric': 'euclidean', 'n_neighbors': 9, 'weights': 'uniform'}",0.8583333333333333,0.8527777777777777,0.8465277777777778,0.85,0.83125,0.8477777777777777,0.009122367707596094,33,Multiclass,Reduced
0.002212381362915039,2.6905026957087408e-05,0.003270244598388672,3.3316076846834896e-05,euclidean,9,distance,"{'metric': 'euclidean', 'n_neighbors': 9, 'weights': 'distance'}",0.8895833333333334,0.8819444444444444,0.8770833333333333,0.888888888888889,0.8756944444444443,0.882638888888889,0.005776842873079341,19,Multiclass,Reduced
0.002198028564453125,1.6726316546459667e-05,0.002901124954223633,2.9219030981558325e-05,euclidean,11,uniform,"{'metric': 'euclidean', 'n_neighbors': 11, 'weights': 'uniform'}",0.8472222222222222,0.8458333333333333,0.8409722222222222,0.8368055555555556,0.8270833333333334,0.8395833333333333,0.007256861376451714,39,Multiclass,Reduced
0.0023562431335449217,0.0002994122522012496,0.0032913684844970703,2.03297105206435e-05,euclidean,11,distance,"{'metric': 'euclidean', 'n_neighbors': 11, 'weights': 'distance'}",0.8770833333333332,0.8791666666666667,0.8729166666666666,0.8701388888888889,0.8659722222222223,0.8730555555555556,0.004738533919231071,23,Multiclass,Reduced
0.0021907806396484373,1.6567878438173292e-05,0.002931070327758789,3.154824693171837e-05,euclidean,15,uniform,"{'metric': 'euclidean', 'n_neighbors': 15, 'weights': 'uniform'}",0.8229166666666666,0.8138888888888889,0.8222222222222222,0.8236111111111111,0.8090277777777778,0.8183333333333334,0.005836639274847394,44,Multiclass,Reduced
0.0021959781646728516,1.3479065587037887e-05,0.003293275833129883,1.733157126829688e-05,euclidean,15,distance,"{'metric': 'euclidean', 'n_neighbors': 15, 'weights': 'distance'}",0.8631944444444444,0.8583333333333333,0.8604166666666666,0.8611111111111112,0.8534722222222222,0.8593055555555555,0.0033042714592695335,30,Multiclass,Reduced
0.00222163200378418,2.194767018098971e-05,0.0029280662536621095,2.8890744540969835e-05,euclidean,21,uniform,"{'metric': 'euclidean', 'n_neighbors': 21, 'weights': 'uniform'}",0.8034722222222223,0.8055555555555556,0.8020833333333333,0.8055555555555555,0.7902777777777779,0.8013888888888889,0.005709667997526201,46,Multiclass,Reduced
0.002179384231567383,9.391392266561424e-06,0.0032763957977294924,4.7764709351124394e-06,euclidean,21,distance,"{'metric': 'euclidean', 'n_neighbors': 21, 'weights': 'distance'}",0.8520833333333333,0.8409722222222222,0.8402777777777778,0.8479166666666667,0.8368055555555557,0.843611111111111,0.005562495665139061,34,Multiclass,Reduced
0.0022312164306640624,4.8627478393676826e-05,0.006969261169433594,0.007712130706069225,manhattan,1,uniform,"{'metric': 'manhattan', 'n_neighbors': 1, 'weights': 'uniform'}",0.9458333333333333,0.9395833333333333,0.9493055555555554,0.9458333333333333,0.9340277777777779,0.9429166666666667,0.005439765563212735,3,Multiclass,Reduced
0.0022724628448486327,0.00013715801244199114,0.003491830825805664,2.466101102256415e-05,manhattan,1,distance,"{'metric': 'manhattan', 'n_neighbors': 1, 'weights': 'distance'}",0.9458333333333333,0.9395833333333333,0.9493055555555554,0.9458333333333333,0.9340277777777779,0.9429166666666667,0.005439765563212735,3,Multiclass,Reduced
0.002188301086425781,1.2585791382915976e-05,0.0031509876251220705,1.863048605139199e-05,manhattan,3,uniform,"{'metric': 'manhattan', 'n_neighbors': 3, 'weights': 'uniform'}",0.9173611111111111,0.9173611111111111,0.9041666666666667,0.923611111111111,0.9069444444444444,0.913888888888889,0.007230230602677958,9,Multiclass,Reduced
0.0021829128265380858,6.258022200211685e-06,0.003507041931152344,2.0469925537903517e-05,manhattan,3,distance,"{'metric': 'manhattan', 'n_neighbors': 3, 'weights': 'distance'}",0.9243055555555555,0.9236111111111112,0.9152777777777779,0.9270833333333333,0.9125,0.9205555555555553,0.005634850770861303,5,Multiclass,Reduced
0.002197074890136719,2.593590901391882e-05,0.003151226043701172,2.754592142711199e-05,manhattan,5,uniform,"{'metric': 'manhattan', 'n_neighbors': 5, 'weights': 'uniform'}",0.8944444444444445,0.8868055555555555,0.8756944444444444,0.89375,0.8805555555555555,0.8862500000000001,0.0073151078234798515,17,Multiclass,Reduced
0.002186012268066406,4.587064412619109e-06,0.0035067081451416017,1.8429247243351354e-05,manhattan,5,distance,"{'metric': 'manhattan', 'n_neighbors': 5, 'weights': 'distance'}",0.9138888888888889,0.9027777777777778,0.8993055555555556,0.9138888888888889,0.9,0.9059722222222222,0.006567550231964914,11,Multiclass,Reduced
0.00220794677734375,2.696698576254133e-05,0.0031673431396484373,2.024363283104974e-05,manhattan,7,uniform,"{'metric': 'manhattan', 'n_neighbors': 7, 'weights': 'uniform'}",0.8722222222222222,0.8611111111111112,0.8597222222222223,0.8659722222222221,0.8618055555555555,0.8641666666666667,0.004534674365920683,25,Multiclass,Reduced
0.0022036552429199217,1.5831711764306868e-05,0.003538656234741211,1.9098146709183755e-05,manhattan,7,distance,"{'metric': 'manhattan', 'n_neighbors': 7, 'weights': 'distance'}",0.8944444444444445,0.8944444444444445,0.8840277777777777,0.8972222222222223,0.8861111111111111,0.89125,0.005189317136741535,15,Multiclass,Reduced
0.002370929718017578,0.00023421693696074777,0.003374004364013672,0.00021788847368303904,manhattan,9,uniform,"{'metric': 'manhattan', 'n_neighbors': 9, 'weights': 'uniform'}",0.8569444444444444,0.85,0.8493055555555555,0.8520833333333333,0.8395833333333333,0.8495833333333334,0.0056689810088773555,32,Multiclass,Reduced
0.0022399425506591797,9.477826759251513e-05,0.0036169052124023437,0.00011170917748512826,manhattan,9,distance,"{'metric': 'manhattan', 'n_neighbors': 9, 'weights': 'distance'}",0.8916666666666667,0.8805555555555555,0.8770833333333333,0.8881944444444444,0.8777777777777778,0.8830555555555556,0.005836639274847427,18,Multiclass,Reduced
0.0021956443786621095,1.494213193840582e-05,0.00317997932434082,1.9501065794612954e-05,manhattan,11,uniform,"{'metric': 'manhattan', 'n_neighbors': 11, 'weights': 'uniform'}",0.8479166666666667,0.84375,0.8368055555555556,0.8375,0.8326388888888889,0.8397222222222223,0.005422005915539741,38,Multiclass,Reduced
0.0022025108337402344,2.0310688303370124e-05,0.0035480499267578126,1.3519489736739198e-05,manhattan,11,distance,"{'metric': 'manhattan', 'n_neighbors': 11, 'weights': 'distance'}",0.8784722222222221,0.8770833333333333,0.8715277777777777,0.8784722222222222,0.8673611111111111,0.8745833333333334,0.004427049291808099,22,Multiclass,Reduced
0.0021993637084960936,1.659187764558728e-05,0.0032204627990722657,3.345501191783217e-05,manhattan,15,uniform,"{'metric': 'manhattan', 'n_neighbors': 15, 'weights': 'uniform'}",0.8270833333333333,0.8229166666666667,0.8270833333333334,0.8270833333333334,0.8125,0.8233333333333335,0.005651941652604398,41,Multiclass,Reduced
0.0022604942321777345,3.108429714088823e-05,0.003648519515991211,5.3793487455554746e-05,manhattan,15,distance,"{'metric': 'manhattan', 'n_neighbors': 15, 'weights': 'distance'}",0.8708333333333332,0.8625,0.8652777777777778,0.8625,0.8520833333333333,0.862638888888889,0.006092142277628128,28,Multiclass,Reduced
0.002212047576904297,2.1610247383888376e-05,0.003207826614379883,4.042994258979819e-05,manhattan,21,uniform,"{'metric': 'manhattan', 'n_neighbors': 21, 'weights': 'uniform'}",0.8041666666666667,0.8013888888888889,0.8097222222222221,0.8034722222222221,0.7916666666666666,0.8020833333333334,0.00589255650988788,45,Multiclass,Reduced
0.0022098541259765623,2.3842525472831988e-05,0.003740406036376953,0.0003663248081296188,manhattan,21,distance,"{'metric': 'manhattan', 'n_neighbors': 21, 'weights': 'distance'}",0.8465277777777778,0.8430555555555556,0.8430555555555556,0.8472222222222222,0.8381944444444445,0.843611111111111,0.003209505557858695,34,Multiclass,Reduced
0.0022516250610351562,6.382229789601578e-05,0.005186319351196289,0.004153315856231426,chebyshev,1,uniform,"{'metric': 'chebyshev', 'n_neighbors': 1, 'weights': 'uniform'}",0.9201388888888888,0.9152777777777777,0.9152777777777779,0.9312500000000001,0.9111111111111111,0.9186111111111112,0.0069361061051021414,7,Multiclass,Reduced
0.002175712585449219,8.74004919905536e-06,0.0034294605255126955,2.2330238807366695e-05,chebyshev,1,distance,"{'metric': 'chebyshev', 'n_neighbors': 1, 'weights': 'distance'}",0.9201388888888888,0.9152777777777777,0.9152777777777779,0.9312500000000001,0.9111111111111111,0.9186111111111112,0.0069361061051021414,7,Multiclass,Reduced
0.0021755218505859373,1.856140317914039e-05,0.0030898571014404295,1.2717703813573765e-05,chebyshev,3,uniform,"{'metric': 'chebyshev', 'n_neighbors': 3, 'weights': 'uniform'}",0.8916666666666667,0.8861111111111112,0.8868055555555555,0.9097222222222222,0.8770833333333334,0.8902777777777778,0.010803020268127779,16,Multiclass,Reduced
0.002173042297363281,8.332516158600915e-06,0.0034534454345703123,2.0270010519803342e-05,chebyshev,3,distance,"{'metric': 'chebyshev', 'n_neighbors': 3, 'weights': 'distance'}",0.9027777777777778,0.89375,0.8944444444444444,0.9180555555555555,0.8861111111111112,0.8990277777777779,0.010879531126425604,13,Multiclass,Reduced
0.0021829128265380858,1.6920262695880084e-05,0.003086376190185547,9.424502776016576e-06,chebyshev,5,uniform,"{'metric': 'chebyshev', 'n_neighbors': 5, 'weights': 'uniform'}",0.8687499999999999,0.8645833333333333,0.8611111111111112,0.8743055555555554,0.8451388888888889,0.8627777777777776,0.009856219444005611,27,Multiclass,Reduced
0.0021746158599853516,1.1182822608526778e-05,0.0034458160400390623,1.825445743672143e-05,chebyshev,5,distance,"{'metric': 'chebyshev', 'n_neighbors': 5, 'weights': 'distance'}",0.8861111111111111,0.8833333333333334,0.8805555555555555,0.8972222222222223,0.8631944444444444,0.8820833333333333,0.01100995621255915,20,Multiclass,Reduced
0.002227497100830078,8.276173417388689e-05,0.0032657623291015626,0.00029090133098870816,chebyshev,7,uniform,"{'metric': 'chebyshev', 'n_neighbors': 7, 'weights': 'uniform'}",0.8541666666666666,0.8493055555555555,0.8347222222222223,0.8534722222222222,0.8263888888888888,0.843611111111111,0.011105901556502108,34,Multiclass,Reduced
0.002164411544799805,8.904734447139497e-06,0.0034427642822265625,9.393813040481397e-06,chebyshev,7,distance,"{'metric': 'chebyshev', 'n_neighbors': 7, 'weights': 'distance'}",0.8722222222222222,0.8715277777777777,0.8722222222222222,0.8777777777777778,0.8479166666666667,0.8683333333333334,0.010454560703643784,24,Multiclass,Reduced
0.002173042297363281,1.1183432564034365e-05,0.003134012222290039,2.7136601162599483e-05,chebyshev,9,uniform,"{'metric': 'chebyshev', 'n_neighbors': 9, 'weights': 'uniform'}",0.8368055555555556,0.8354166666666667,0.8243055555555555,0.8423611111111111,0.8118055555555556,0.8301388888888889,0.010879531126425644,40,Multiclass,Reduced
0.002158927917480469,6.740797823742787e-06,0.003497600555419922,7.916071307925085e-06,chebyshev,9,distance,"{'metric': 'chebyshev', 'n_neighbors': 9, 'weights': 'distance'}",0.8652777777777777,0.8618055555555555,0.8597222222222223,0.8694444444444445,0.8430555555555556,0.8598611111111112,0.009026709338484392,29,Multiclass,Reduced
0.0021671295166015626,1.4092615461746109e-05,0.0031241893768310545,2.0152449395946254e-05,chebyshev,11,uniform,"{'metric': 'chebyshev', 'n_neighbors': 11, 'weights': 'uniform'}",0.8222222222222222,0.8111111111111111,0.8236111111111112,0.8298611111111112,0.8097222222222222,0.8193055555555556,0.007713024098286027,43,Multiclass,Reduced
0.002187633514404297,4.2286773057024354e-05,0.003494453430175781,1.4438326793412487e-05,chebyshev,11,distance,"{'metric': 'chebyshev', 'n_neighbors': 11, 'weights': 'distance'}",0.8583333333333333,0.8486111111111111,0.8534722222222222,0.8618055555555555,0.8430555555555556,0.8530555555555557,0.006698419750993029,31,Multiclass,Reduced
0.0021595001220703126,1.1621138854099547e-05,0.0031501293182373048,2.324188639441758e-05,chebyshev,15,uniform,"{'metric': 'chebyshev', 'n_neighbors': 15, 'weights': 'uniform'}",0.8020833333333334,0.7972222222222222,0.8125,0.7999999999999999,0.7923611111111111,0.8008333333333333,0.006681118594892071,47,Multiclass,Reduced
0.002173328399658203,1.5949187225024048e-05,0.0036826133728027344,0.0003413427065057584,chebyshev,15,distance,"{'metric': 'chebyshev', 'n_neighbors': 15, 'weights': 'distance'}",0.8479166666666667,0.8423611111111111,0.8395833333333333,0.8416666666666667,0.8326388888888889,0.8408333333333333,0.004937885787397532,37,Multiclass,Reduced
0.002161741256713867,1.4784259000828515e-05,0.003141975402832031,1.634626711007344e-05,chebyshev,21,uniform,"{'metric': 'chebyshev', 'n_neighbors': 21, 'weights': 'uniform'}",0.7895833333333333,0.7875,0.7916666666666666,0.7861111111111111,0.7770833333333333,0.7863888888888889,0.0050192530554423855,48,Multiclass,Reduced
0.002166938781738281,1.3997749500417945e-05,0.003507375717163086,1.4467902598961586e-05,chebyshev,21,distance,"{'metric': 'chebyshev', 'n_neighbors': 21, 'weights': 'distance'}",0.8243055555555556,0.8187499999999999,0.8305555555555556,0.8277777777777778,0.8152777777777778,0.8233333333333335,0.005634850770861379,41,Multiclass,Reduced
